product_id,category,product_name,supplier,price
1,Clothing,Virtual tangible structure,"Johnston, Martin and Perkins",267.94
2,Toys,Extended interactive toolset,Rose Group,338.93
3,Furniture,Ameliorated uniform service-desk,Mcintyre and Sons,252.43
4,Toys,Seamless homogeneous system engine,"Baird, Delacruz and Wood",296.38
5,Books,Exclusive 3rdgeneration monitoring,Hunt-Becker,313.63
6,Toys,Streamlined composite knowledgebase,Johnson PLC,121.22
7,Books,Persistent reciprocal attitude,Washington PLC,437.69
8,Toys,Reduced actuating open architecture,Watson and Sons,426.31
9,Furniture,Ergonomic multi-tasking middleware,Evans and Sons,442.07
10,Electronics,User-friendly next generation productivity,"Lawson, Hubbard and Sanchez",291.41
11,Books,Integrated transitional workforce,Morales PLC,320.55
12,Furniture,Total local workforce,Mcmahon-Garcia,305.31
13,Furniture,Exclusive uniform ability,"Watson, Tucker and Olson",317.09
14,Furniture,Streamlined human-resource methodology,Mendez Inc,312.69
15,Toys,Function-based clear-thinking orchestration,"Johnson, Flowers and Kelly",425.66
16,Clothing,Open-source dedicated leverage,"Moore, Davis and Warren",248.6
17,Toys,Balanced exuding hierarchy,Sanchez Group,41.83
18,Furniture,Advanced 24/7 database,Wise-Gallagher,145.35
19,Clothing,Seamless stable installation,"Mack, Jackson and Skinner",281.87
20,Electronics,Implemented client-server initiative,"Conner, Mitchell and Lewis",155.94
21,Toys,Reduced systematic definition,Young-Hughes,333.7
22,Toys,Switchable global conglomeration,Merritt-Stewart,463.21
23,Toys,Persistent eco-centric info-mediaries,Graves LLC,315.09
24,Electronics,Reactive multimedia migration,Snyder and Sons,45.71
25,Electronics,Versatile fresh-thinking matrix,Madden-Wilson,204.9
26,Toys,User-centric value-added service-desk,Ramirez LLC,350.83
27,Furniture,Re-contextualized zero-defect attitude,Young LLC,167.69
28,Clothing,User-friendly contextually-based intranet,"Anderson, Hill and Montgomery",295.7
29,Toys,Team-oriented static infrastructure,Gonzalez-Johnson,193.0
30,Books,Customer-focused global Internet solution,Mccarthy Ltd,380.18
31,Toys,Face-to-face leadingedge info-mediaries,Mclean-Stewart,499.67
32,Clothing,Synergistic client-server product,"Wilson, Thompson and Jones",339.69
33,Clothing,Cross-group zero tolerance standardization,Robinson PLC,385.02
34,Toys,Managed bottom-line infrastructure,Owens-Rivas,59.84
35,Books,Stand-alone client-server concept,"Owens, Wade and Williams",185.64
36,Clothing,Optional clear-thinking protocol,"Doyle, Cook and Hall",325.23
37,Electronics,Digitized 24hour approach,Weaver and Sons,307.32
38,Books,Open-source discrete interface,Galloway and Sons,455.18
39,Books,Universal exuding alliance,Freeman Ltd,432.49
40,Toys,Profound coherent analyzer,"Summers, Stanley and Poole",323.55
41,Clothing,Distributed real-time process improvement,Decker Group,136.56
42,Electronics,User-centric radical hierarchy,Roth Inc,341.9
43,Furniture,Customer-focused intermediate circuit,Sanchez and Sons,280.96
44,Clothing,Fully-configurable zero tolerance pricing structure,Garcia-Guzman,213.01
45,Clothing,Balanced global initiative,Hill-Huber,348.0
46,Electronics,Up-sized intermediate circuit,Patrick Inc,434.63
47,Electronics,User-friendly solution-oriented function,"Becker, Brown and Bowers",270.39
48,Electronics,Persevering real-time concept,Williams PLC,248.52
49,Toys,Business-focused homogeneous matrices,Alvarez-Le,333.86
50,Furniture,Reactive analyzing analyzer,Saunders-Nelson,445.36
51,Furniture,Digitized optimizing toolset,Ortiz LLC,481.77
52,Toys,Innovative methodical capability,"Ellis, Cervantes and Mueller",182.29
53,Toys,Re-contextualized disintermediate intranet,Carroll Group,327.08
54,Furniture,Reverse-engineered composite leverage,Washington Group,214.78
55,Electronics,Diverse secondary architecture,Kaiser Inc,385.49
56,Toys,Cross-platform leadingedge budgetary management,"Scott, Acosta and Tran",298.21
57,Books,Quality-focused heuristic forecast,"Spencer, Jones and Mcdonald",69.63
58,Toys,Polarized modular circuit,Velasquez-Chambers,288.44
59,Toys,Intuitive optimizing hardware,Nelson LLC,139.98
60,Clothing,Horizontal upward-trending implementation,"Ellis, Adams and Alvarez",41.87
61,Books,Monitored analyzing forecast,Hall-Rose,228.22
62,Toys,Versatile maximized collaboration,Peters and Sons,299.07
63,Books,Open-source homogeneous monitoring,Graves-Klein,431.62
64,Electronics,Innovative methodical firmware,"Cole, Wallace and Boyd",414.21
65,Books,Team-oriented incremental customer loyalty,Gonzales Group,14.71
66,Toys,Progressive foreground orchestration,Smith and Sons,135.36
67,Toys,Centralized well-modulated installation,Harris and Sons,432.4
68,Clothing,Intuitive bandwidth-monitored secured line,Baker and Sons,149.11
69,Furniture,Ergonomic neutral implementation,Villarreal-Rodriguez,480.63
70,Electronics,Customizable 5thgeneration moderator,"Alvarado, Dominguez and Beck",259.03
71,Clothing,Synchronized clear-thinking customer loyalty,Lee-Turner,96.3
72,Clothing,Down-sized disintermediate utilization,Le LLC,411.52
73,Clothing,Fundamental even-keeled throughput,Green and Sons,410.91
74,Furniture,Streamlined logistical knowledge user,Roberts and Sons,153.58
75,Books,Multi-lateral multi-state Local Area Network,"Johnson, Harris and Osborne",423.63
76,Clothing,Re-contextualized tertiary focus group,"Riddle, Holt and Mosley",28.35
77,Toys,Quality-focused contextually-based encoding,"Campbell, Chavez and Castillo",362.95
78,Furniture,Optimized multi-tasking Internet solution,"Vega, Neal and Holmes",125.56
79,Toys,Diverse regional migration,"Cortez, Mccall and Jenkins",476.22
80,Electronics,Realigned high-level firmware,Terry-Christian,449.63
81,Books,Optional optimal benchmark,Taylor-White,448.95
82,Electronics,Switchable multimedia service-desk,Case Inc,43.18
83,Furniture,Multi-lateral national Internet solution,West-Roach,73.88
84,Clothing,Grass-roots bi-directional support,"Murray, Mcfarland and Watts",111.47
85,Books,Diverse multimedia flexibility,Wilson and Sons,352.4
86,Books,Diverse 4thgeneration website,Rogers Group,267.65
87,Electronics,Multi-channeled solution-oriented data-warehouse,"Burton, Kim and Kennedy",110.03
88,Furniture,Profound upward-trending knowledgebase,"Sims, Hampton and Simpson",376.39
89,Clothing,Fundamental modular monitoring,Allen PLC,40.76
90,Toys,Focused fault-tolerant paradigm,Wright and Sons,218.03
91,Electronics,Persistent homogeneous focus group,Taylor LLC,423.9
92,Books,Exclusive impactful intranet,Wells Inc,102.6
93,Books,Realigned multi-tasking access,"Anderson, Jackson and Powell",84.13
94,Electronics,User-friendly client-driven superstructure,Benson Inc,370.99
95,Books,Ergonomic responsive core,"Herrera, Yu and Lane",69.28
96,Clothing,Re-engineered actuating complexity,Blake LLC,42.78
97,Electronics,Monitored real-time hierarchy,"Reese, Mercer and Lawrence",323.85
98,Furniture,Customer-focused dedicated flexibility,"Lucas, Davis and Gonzalez",213.75
99,Books,User-friendly methodical hierarchy,Everett-Nichols,350.23
100,Books,Object-based grid-enabled workforce,"Jackson, Williams and Bullock",93.81
101,Clothing,Persistent content-based challenge,Williams and Sons,67.89
102,Clothing,Customer-focused zero administration standardization,Perry and Sons,305.55
103,Books,Optional multi-tasking solution,Williams PLC,164.81
104,Electronics,Organic even-keeled service-desk,Christian Group,248.27
105,Electronics,Business-focused executive infrastructure,"Gay, Bruce and Johnson",114.35
106,Toys,Stand-alone directional functionalities,"Vargas, Gilbert and Cunningham",145.35
107,Electronics,Managed contextually-based architecture,"Tucker, Park and Kirk",326.36
108,Clothing,Phased asynchronous analyzer,Williams LLC,113.73
109,Clothing,Exclusive composite framework,Ramirez Ltd,341.46
110,Books,Programmable context-sensitive productivity,Odom-Stevens,434.15
111,Clothing,Balanced empowering framework,"Carter, Landry and Huber",416.89
112,Clothing,Fully-configurable dedicated projection,Galvan-Williams,375.94
113,Clothing,Managed 24hour info-mediaries,Woodard LLC,436.97
114,Electronics,Sharable context-sensitive Graphical User Interface,Watson-Wyatt,143.83
115,Furniture,Enterprise-wide attitude-oriented portal,Peterson-Brown,473.94
116,Toys,Total empowering collaboration,"Wiley, Moore and Clark",418.84
117,Furniture,Advanced bifurcated alliance,Moreno PLC,470.76
118,Electronics,Synergized global projection,Brown and Sons,469.61
119,Toys,Persistent clear-thinking function,Brown Inc,431.21
120,Clothing,Balanced eco-centric success,"Carroll, Smith and Thomas",382.55
121,Electronics,Multi-layered solution-oriented artificial intelligence,Gomez Group,390.13
122,Clothing,Sharable 6thgeneration emulation,"Adams, Barber and Lee",112.89
123,Clothing,Up-sized hybrid complexity,Fleming-Johnson,89.66
124,Electronics,Multi-channeled stable approach,"Smith, Ochoa and Brown",352.02
125,Clothing,Proactive bottom-line capacity,Gould-Crane,126.59
126,Furniture,Multi-lateral global standardization,"Blackwell, Winters and Bishop",186.58
127,Books,Synergized 24/7 extranet,Silva-Alvarado,358.02
128,Toys,Open-architected discrete parallelism,"Anthony, Lewis and Martin",243.9
129,Books,Progressive value-added productivity,Martinez PLC,152.74
130,Clothing,Reduced didactic implementation,"Becker, Taylor and Wilkins",8.2
131,Furniture,Stand-alone 6thgeneration task-force,Coleman-Jones,71.46
132,Books,Adaptive user-facing system engine,Valdez-Butler,344.41
133,Toys,Public-key fresh-thinking definition,Thompson Inc,336.96
134,Clothing,Adaptive discrete attitude,Lane Group,98.55
135,Clothing,Total asynchronous installation,Bentley Inc,386.29
136,Books,Virtual motivating Graphic Interface,"Stevenson, Sanders and Mack",317.61
137,Books,Fundamental analyzing Graphical User Interface,Smith PLC,241.31
138,Furniture,Open-architected dedicated time-frame,Kelly-Foley,29.15
139,Clothing,Configurable didactic policy,Gonzalez-Young,113.89
140,Clothing,Re-engineered radical functionalities,Rivers Group,133.09
141,Furniture,Pre-emptive composite structure,"Black, Smith and Mcdonald",39.23
142,Furniture,De-engineered multi-tasking throughput,Ward Ltd,96.98
143,Furniture,Open-architected local monitoring,"Pittman, Garner and Chen",247.3
144,Electronics,Re-engineered secondary array,Smith LLC,383.59
145,Clothing,Exclusive upward-trending attitude,Perez-Oconnor,51.92
146,Toys,Fundamental empowering system engine,Mercado-Townsend,167.47
147,Electronics,Cross-group non-volatile projection,"Barnett, Scott and Lopez",179.13
148,Furniture,Mandatory asymmetric model,Castillo-Clark,186.47
149,Clothing,Centralized systemic utilization,Graham and Sons,318.26
150,Furniture,Organic stable projection,"Scott, Kim and Obrien",457.22
151,Toys,Inverse holistic pricing structure,Haynes Group,465.29
152,Books,Streamlined scalable policy,Sullivan-Zimmerman,73.65
153,Toys,Re-engineered foreground function,"Michael, Haney and Weaver",393.34
154,Clothing,Digitized non-volatile conglomeration,Clark LLC,19.73
155,Toys,Managed responsive solution,"Baker, Vega and Thompson",475.5
156,Furniture,Multi-channeled tangible toolset,Maxwell-Knapp,9.96
157,Books,Networked analyzing standardization,Allen-West,243.92
158,Books,Synergistic even-keeled alliance,Burns-Henry,246.21
159,Electronics,Self-enabling content-based open system,Simpson Ltd,352.95
160,Clothing,Implemented optimizing alliance,Richards LLC,213.26
161,Books,Multi-tiered client-driven policy,Pena Ltd,378.46
162,Toys,Customizable next generation hardware,"Randolph, Gomez and Gomez",331.52
163,Furniture,Object-based real-time strategy,Wilson Group,428.05
164,Furniture,Customizable zero-defect groupware,Herrera-Miller,5.03
165,Books,Up-sized non-volatile hierarchy,Church and Sons,455.9
166,Books,Progressive user-facing definition,Jones-Allen,125.81
167,Books,Extended 4thgeneration projection,Fuentes Group,385.6
168,Books,Public-key content-based task-force,"Small, Smith and Daniel",198.32
169,Toys,Adaptive value-added matrices,Lee LLC,263.21
170,Electronics,Decentralized fault-tolerant solution,Vaughn Inc,447.14
171,Electronics,Horizontal intermediate data-warehouse,Robinson-Burke,195.9
172,Toys,Horizontal modular time-frame,Mcpherson Ltd,359.33
173,Furniture,Fundamental non-volatile algorithm,Johnson Group,468.27
174,Books,Centralized holistic pricing structure,Mccall PLC,346.52
175,Furniture,Cross-group tertiary database,Frazier-Wade,443.47
176,Clothing,Enhanced methodical database,Chapman Ltd,35.09
177,Electronics,Compatible radical instruction set,"Thomas, Browning and Garcia",86.1
178,Electronics,Open-source executive orchestration,Martinez LLC,354.78
179,Electronics,Optional mobile orchestration,Brown Ltd,143.32
180,Electronics,Optimized zero administration extranet,"Jimenez, Lambert and Gonzales",261.03
181,Electronics,Profound 24/7 emulation,Gonzales-Franklin,137.15
182,Books,Multi-channeled non-volatile info-mediaries,Alvarado-Garcia,463.55
183,Clothing,Operative uniform synergy,Stanton and Sons,324.26
184,Books,Focused tangible archive,Lewis-Bryan,267.47
185,Toys,Multi-channeled hybrid utilization,Reyes-Carr,386.02
186,Furniture,Polarized optimizing Internet solution,"Medina, May and Berger",133.4
187,Clothing,Robust incremental firmware,"Watkins, Meyer and Winters",248.77
188,Toys,Front-line contextually-based parallelism,"Sutton, Bailey and Gross",28.19
189,Clothing,Adaptive 24hour encryption,Osborn-Moore,135.96
190,Books,Monitored upward-trending capacity,Hayes and Sons,86.33
191,Books,Innovative coherent function,"Carter, Harvey and Hall",372.71
192,Clothing,Stand-alone modular task-force,Martinez Ltd,26.98
193,Books,Up-sized didactic archive,Thompson PLC,466.57
194,Books,Adaptive multi-state system engine,Keller LLC,75.1
195,Furniture,Expanded secondary Graphic Interface,Lucero-Jones,263.54
196,Clothing,Compatible client-server utilization,Lowe-Sanchez,66.14
197,Electronics,Organic analyzing structure,Montgomery Ltd,185.81
198,Electronics,Horizontal high-level definition,Williams-Moss,422.57
199,Toys,Synergized optimizing leverage,Armstrong Group,68.13
200,Electronics,Open-architected 6thgeneration complexity,Decker Inc,18.21
201,Electronics,Implemented bifurcated workforce,Horn-Mcclain,230.35
202,Electronics,Right-sized optimal superstructure,Burns Group,206.19
203,Clothing,Organized user-facing moratorium,Beasley LLC,103.11
204,Books,User-friendly bi-directional policy,Conway and Sons,216.96
205,Toys,Optimized system-worthy application,Stephens-Stafford,381.51
206,Books,Function-based systemic monitoring,Harrison-Jones,477.96
207,Clothing,Fully-configurable asynchronous help-desk,Simon-Chavez,459.38
208,Electronics,Integrated zero-defect flexibility,Lawson LLC,215.04
209,Books,Decentralized radical task-force,Wilson PLC,248.73
210,Electronics,Diverse static focus group,Fisher and Sons,76.37
211,Books,Pre-emptive encompassing extranet,"Chase, Phillips and Gilmore",357.69
212,Furniture,Visionary attitude-oriented migration,Roth-Williams,376.82
213,Clothing,De-engineered optimizing installation,Russell Ltd,357.09
214,Electronics,Optional even-keeled infrastructure,West-Schroeder,85.45
215,Clothing,Object-based mission-critical knowledgebase,Robertson Ltd,14.4
216,Books,Universal even-keeled artificial intelligence,Martin-Welch,225.14
217,Books,Grass-roots logistical collaboration,"Atkins, Carlson and Reeves",159.62
218,Books,Future-proofed cohesive Internet solution,Lin Group,403.07
219,Furniture,Vision-oriented stable collaboration,Fleming and Sons,410.55
220,Toys,Robust bifurcated neural-net,Duncan Group,184.83
221,Furniture,Multi-lateral web-enabled synergy,Keller Group,419.57
222,Toys,Sharable secondary groupware,"Nunez, Tanner and Hart",28.1
223,Books,Programmable zero administration moratorium,Dudley-Graham,456.14
224,Books,Grass-roots zero tolerance intranet,Hicks Group,455.84
225,Toys,Organic zero-defect hub,"Best, Huff and Pitts",290.13
226,Books,Up-sized local monitoring,"Howe, Rodriguez and Myers",151.1
227,Clothing,Polarized bottom-line hub,"Payne, Bates and Martinez",314.21
228,Clothing,Multi-lateral disintermediate groupware,Malone LLC,483.33
229,Clothing,Ameliorated fault-tolerant productivity,Lee PLC,39.58
230,Toys,Object-based needs-based protocol,Taylor-Walker,333.82
231,Electronics,Devolved motivating methodology,Dougherty and Sons,486.41
232,Books,Automated secondary hub,Jacobson-Allen,387.57
233,Furniture,Persevering national benchmark,"Peterson, Hernandez and Matthews",328.34
234,Electronics,Diverse actuating website,Hendricks-Ellis,140.83
235,Clothing,Synergized 24hour infrastructure,Hogan LLC,251.04
236,Electronics,Switchable directional open architecture,Hardy-Anderson,485.19
237,Books,Inverse modular knowledgebase,Hoffman-Fleming,21.84
238,Furniture,Grass-roots bi-directional toolset,Parks-Torres,464.48
239,Books,Proactive value-added secured line,Alvarez-Gray,28.24
240,Electronics,Organic high-level matrix,Jenkins Group,224.58
241,Furniture,User-friendly optimal time-frame,Harris Inc,432.05
242,Books,Future-proofed needs-based firmware,"Gonzales, Armstrong and Newton",343.21
243,Electronics,Cross-platform optimal portal,Alvarez-Coleman,475.55
244,Electronics,Persevering 3rdgeneration help-desk,Black-Tapia,319.59
245,Clothing,Cloned logistical structure,Bray PLC,153.04
246,Books,Fundamental interactive attitude,"Moreno, Fischer and Moss",362.07
247,Electronics,Assimilated intermediate product,Armstrong LLC,144.66
248,Clothing,Managed stable challenge,"Johnson, Evans and Johnson",116.46
249,Books,Implemented static knowledgebase,Harrison-Boyle,173.95
250,Electronics,User-centric exuding functionalities,Cannon and Sons,469.23
251,Toys,Programmable context-sensitive moderator,"Fernandez, Hines and Miller",439.8
252,Clothing,Monitored well-modulated info-mediaries,Lee LLC,368.84
253,Books,Reverse-engineered dedicated open system,Elliott LLC,176.85
254,Furniture,Synchronized stable infrastructure,"Allen, Tran and Harrell",245.85
255,Clothing,Seamless even-keeled workforce,"Roberts, Smith and Davis",399.01
256,Furniture,Profound even-keeled system engine,"Sanchez, Perry and Foster",148.38
257,Toys,Right-sized asynchronous attitude,"Norton, Bennett and Brown",399.94
258,Electronics,Streamlined tertiary framework,Lawson PLC,438.78
259,Furniture,Reverse-engineered incremental encoding,"Ramsey, Merritt and Porter",227.55
260,Books,Advanced methodical archive,Burgess-Avery,36.87
261,Clothing,Exclusive disintermediate budgetary management,Chase PLC,371.85
262,Furniture,Fully-configurable optimal capacity,Anderson PLC,282.55
263,Books,Open-architected next generation algorithm,Garcia-Flores,44.11
264,Toys,Self-enabling object-oriented attitude,Mclean Ltd,448.28
265,Furniture,Profit-focused modular orchestration,"Thornton, Jensen and Holland",117.27
266,Electronics,Total bandwidth-monitored intranet,Sanchez Ltd,96.08
267,Toys,Organic foreground emulation,Hansen-Glass,469.83
268,Electronics,Ergonomic clear-thinking process improvement,Grant PLC,164.56
269,Clothing,Extended user-facing extranet,Crane LLC,210.26
270,Clothing,Cloned cohesive benchmark,"Walker, Herman and Black",398.81
271,Books,Balanced zero-defect website,Stuart-Shepard,347.72
272,Toys,Proactive disintermediate protocol,Anderson Ltd,136.73
273,Books,Seamless content-based application,Conner-Clark,328.11
274,Clothing,Centralized transitional groupware,Bradshaw LLC,244.9
275,Furniture,Vision-oriented composite secured line,Roman PLC,458.36
276,Clothing,Pre-emptive upward-trending superstructure,Smith LLC,229.69
277,Furniture,Reverse-engineered directional neural-net,"Arellano, Cantu and Mullins",416.86
278,Books,Progressive impactful function,"Hartman, Johnson and Thompson",303.05
279,Books,Expanded mobile paradigm,"Thomas, Johnson and Villegas",349.7
280,Electronics,Multi-layered asymmetric pricing structure,"Gill, Rhodes and Hodges",366.42
281,Toys,Focused client-server throughput,Hebert-Levine,336.43
282,Furniture,Right-sized optimal open system,Bass-Mosley,310.03
283,Furniture,User-centric human-resource Graphic Interface,Larson-Brock,190.03
284,Toys,Exclusive asynchronous methodology,"Buckley, Young and Thompson",161.58
285,Clothing,Enterprise-wide neutral application,Taylor Inc,62.98
286,Clothing,Operative fresh-thinking alliance,Phillips-Rhodes,308.02
287,Clothing,Persevering system-worthy matrices,Ray-Kelley,232.15
288,Toys,Persevering contextually-based middleware,Jackson-Mcbride,85.0
289,Toys,Integrated logistical hub,Clark-Ramirez,357.49
290,Clothing,Automated optimizing challenge,"Robinson, Short and Baker",21.09
291,Electronics,Distributed attitude-oriented help-desk,Randall-Lee,411.86
292,Electronics,Public-key global toolset,"Wang, Robinson and Morales",440.21
293,Clothing,Cloned object-oriented success,Ramirez Ltd,446.67
294,Furniture,Function-based web-enabled superstructure,"Brennan, Stark and West",87.34
295,Toys,Monitored global migration,Wilson Group,44.8
296,Furniture,Team-oriented discrete policy,Escobar-Johnson,306.82
297,Toys,Seamless background Graphical User Interface,Sanchez-Hendricks,465.78
298,Books,Digitized full-range process improvement,"Reynolds, Rose and Wyatt",255.88
299,Books,Multi-channeled human-resource task-force,Riddle-James,404.9
300,Toys,Pre-emptive cohesive model,Branch-Snyder,236.98
301,Clothing,Right-sized uniform standardization,Myers-Logan,294.3
302,Furniture,Persistent global help-desk,Lee-Palmer,13.69
303,Furniture,Implemented cohesive challenge,Boyer PLC,103.43
304,Books,Down-sized tangible contingency,Johnson Group,17.06
305,Toys,Re-contextualized reciprocal approach,Scott and Sons,20.16
306,Clothing,Focused even-keeled website,Frazier-Smith,235.89
307,Electronics,Cross-group optimizing complexity,Sullivan and Sons,471.56
308,Books,Exclusive reciprocal installation,Graham-Sanchez,481.8
309,Electronics,Upgradable national emulation,Hicks-Mcgee,329.5
310,Toys,Inverse motivating pricing structure,Walker PLC,394.82
311,Books,Upgradable upward-trending monitoring,Sharp Inc,327.88
312,Toys,Inverse full-range productivity,"Gibbs, Wilson and Hall",323.4
313,Clothing,Organic optimal firmware,Jackson PLC,423.08
314,Electronics,Seamless encompassing complexity,Morton Inc,66.22
315,Toys,Universal clear-thinking challenge,Silva-Cruz,247.26
316,Clothing,Automated bandwidth-monitored knowledge user,"Acevedo, Thomas and Bender",49.4
317,Clothing,Decentralized full-range Local Area Network,Wallace-Sweeney,443.6
318,Books,Enterprise-wide dedicated knowledgebase,"Russell, Mcdonald and Myers",202.69
319,Toys,Intuitive 24hour portal,"Burke, Wheeler and Bolton",152.78
320,Furniture,Adaptive scalable archive,"Haynes, Collins and Martin",286.95
321,Toys,Multi-channeled modular standardization,"Young, Hanna and Kennedy",404.3
322,Clothing,Advanced background moderator,"Wilson, Mckinney and Burns",414.29
323,Clothing,Customer-focused homogeneous definition,"Snow, Wallace and Hanson",50.27
324,Books,Face-to-face dedicated conglomeration,Ramirez-Martin,478.42
325,Toys,Reduced client-server initiative,Fitzpatrick-Medina,11.23
326,Clothing,Innovative holistic data-warehouse,"Moore, Duffy and Ford",405.55
327,Furniture,Cross-platform maximized protocol,"Johnson, Rogers and Reynolds",166.88
328,Toys,Sharable tertiary archive,Dean-Garcia,282.16
329,Toys,Monitored responsive ability,Vasquez-Jackson,18.47
330,Clothing,Sharable 4thgeneration installation,"English, Smith and Stone",193.62
331,Books,Switchable heuristic throughput,"Holmes, Wilson and Valdez",174.48
332,Furniture,User-centric asymmetric hardware,"Graves, Campbell and Brown",341.41
333,Books,Cross-platform fault-tolerant attitude,"Cabrera, Cardenas and Cole",103.89
334,Furniture,Public-key radical open architecture,Lee and Sons,484.04
335,Toys,User-centric coherent framework,"Mendez, Gillespie and Delgado",76.05
336,Furniture,User-friendly homogeneous hierarchy,"Perez, Pena and Ortiz",158.65
337,Books,Seamless stable Graphic Interface,Randall Inc,234.72
338,Electronics,Reverse-engineered fresh-thinking encryption,Kennedy Group,152.06
339,Furniture,Grass-roots methodical firmware,Richardson-Mendoza,181.76
340,Electronics,Profound empowering initiative,Harrell LLC,149.12
341,Toys,Up-sized real-time utilization,Howard PLC,485.69
342,Furniture,Horizontal tangible utilization,Santiago Inc,330.04
343,Books,Cross-group bifurcated standardization,"Baker, Roberts and Carter",51.35
344,Clothing,Expanded clear-thinking matrix,"Lewis, Duke and Rodgers",316.97
345,Clothing,Multi-lateral secondary capability,Davenport LLC,179.33
346,Books,Multi-tiered national policy,"Rice, Cooper and Meyer",64.61
347,Books,Progressive solution-oriented architecture,"Mills, Myers and Turner",356.27
348,Electronics,Exclusive stable protocol,Perez Group,270.79
349,Furniture,Synchronized 3rdgeneration capacity,Fisher-Hendricks,404.82
350,Toys,Object-based static budgetary management,"Hernandez, Sloan and Ferrell",400.85
351,Furniture,Monitored multimedia capacity,Alexander-Daniel,296.88
352,Electronics,Re-engineered explicit project,"Davis, Taylor and Davidson",394.23
353,Clothing,Programmable non-volatile core,Davis Ltd,79.03
354,Toys,Proactive dedicated task-force,"Weber, Hall and Brennan",342.87
355,Toys,Expanded global neural-net,Lee LLC,488.5
356,Furniture,Configurable background website,Coleman and Sons,134.68
357,Books,Customer-focused content-based Graphic Interface,Davis Group,219.28
358,Books,De-engineered uniform instruction set,"Clark, Walters and Hudson",65.69
359,Electronics,Innovative logistical focus group,Brock-Holloway,287.39
360,Books,Quality-focused homogeneous focus group,Haley Inc,310.55
361,Toys,Object-based non-volatile support,Stephenson-Fuentes,444.3
362,Electronics,Pre-emptive encompassing collaboration,Williams-Michael,241.02
363,Furniture,Ergonomic homogeneous complexity,Carrillo Ltd,79.81
364,Toys,Persistent incremental standardization,"Medina, Orr and Robinson",190.24
365,Electronics,Stand-alone system-worthy encoding,"Levine, Johnson and Weaver",272.55
366,Furniture,Vision-oriented 5thgeneration paradigm,Smith PLC,472.01
367,Books,Customer-focused maximized time-frame,Rodriguez-Garner,78.51
368,Toys,User-centric mobile productivity,Hughes PLC,326.88
369,Toys,Function-based coherent monitoring,"Brown, Garcia and Moore",207.49
370,Furniture,Profound 5thgeneration instruction set,Collins-Nelson,221.25
371,Furniture,Distributed asymmetric superstructure,Jackson-Hall,313.98
372,Electronics,Operative cohesive ability,Jackson-Roth,295.68
373,Toys,Mandatory demand-driven parallelism,Turner Inc,120.72
374,Clothing,Team-oriented directional intranet,Sanchez and Sons,114.5
375,Books,Public-key impactful firmware,Brown Inc,292.6
376,Toys,Business-focused web-enabled secured line,Pollard and Sons,215.12
377,Furniture,Adaptive systematic workforce,"Baker, Best and Martinez",428.72
378,Furniture,Business-focused regional pricing structure,Leon-Martin,129.0
379,Electronics,Fundamental holistic Local Area Network,Owens Group,495.9
380,Toys,Assimilated encompassing matrices,"Jones, Trevino and Price",86.13
381,Toys,Integrated full-range monitoring,Ryan-Gutierrez,429.39
382,Clothing,Proactive systemic leverage,Brown LLC,181.44
383,Books,Phased uniform infrastructure,Carlson Inc,210.46
384,Furniture,Up-sized exuding intranet,Reed Inc,338.84
385,Clothing,Stand-alone national hub,Bell PLC,312.42
386,Books,Operative solution-oriented system engine,Meza PLC,118.22
387,Books,Programmable system-worthy superstructure,"Hughes, Travis and Edwards",200.94
388,Furniture,Synchronized content-based synergy,"Clark, Willis and Smith",408.06
389,Books,Upgradable bandwidth-monitored artificial intelligence,Robertson Ltd,100.92
390,Books,Reverse-engineered impactful conglomeration,Nelson Inc,348.05
391,Electronics,Distributed dedicated leverage,Small-Zuniga,192.17
392,Books,Phased hybrid knowledgebase,Jackson PLC,440.83
393,Furniture,Quality-focused even-keeled process improvement,"Edwards, Armstrong and Levy",149.76
394,Toys,Organic hybrid attitude,"Ortiz, Ware and Martinez",386.98
395,Toys,Focused modular contingency,Hall LLC,51.74
396,Electronics,Networked 6thgeneration portal,Joseph LLC,207.02
397,Toys,Multi-lateral intangible budgetary management,"Watkins, Jarvis and Mcpherson",167.51
398,Books,Reduced eco-centric customer loyalty,"Barrett, Watson and Nguyen",99.22
399,Books,Intuitive exuding policy,Nolan Group,352.15
400,Electronics,Quality-focused user-facing middleware,Grant-Hines,126.54
401,Clothing,Sharable background archive,"Bailey, Valdez and Kirk",338.09
402,Toys,Polarized leadingedge flexibility,Brown-Hall,411.22
403,Books,Proactive radical installation,"Wilson, Sims and Blevins",203.47
404,Furniture,Cross-platform next generation process improvement,Waters Group,488.89
405,Furniture,Adaptive 6thgeneration policy,"Newton, Watts and Smith",201.3
406,Furniture,Assimilated optimal productivity,Ochoa Ltd,25.12
407,Clothing,Reverse-engineered methodical matrices,"Fox, Flores and Perry",99.47
408,Electronics,Extended grid-enabled instruction set,Valencia-Bailey,195.76
409,Toys,Profound executive solution,"Oliver, Santiago and Ortiz",330.93
410,Clothing,Team-oriented real-time task-force,"Skinner, Sullivan and Morales",343.86
411,Toys,Reverse-engineered maximized extranet,Dixon-Villegas,348.07
412,Books,Intuitive motivating encryption,Murphy LLC,353.78
413,Clothing,Optimized uniform access,Sanford-Vasquez,183.35
414,Electronics,Advanced intangible strategy,Macias PLC,48.16
415,Toys,Secured 3rdgeneration conglomeration,Long-Johnson,144.56
416,Toys,Reverse-engineered high-level support,Wheeler-Reynolds,365.15
417,Books,Automated interactive synergy,"Floyd, Mason and Conner",192.17
418,Toys,Devolved asymmetric analyzer,"Gonzalez, Hinton and Bond",382.95
419,Furniture,Stand-alone composite protocol,"Vega, Johns and Reed",402.4
420,Furniture,Multi-layered mobile success,"Villanueva, Moore and Pierce",82.55
421,Toys,Up-sized 24hour strategy,"Schaefer, Payne and Bentley",127.75
422,Toys,Multi-tiered mission-critical paradigm,Andrews Ltd,270.9
423,Furniture,Cloned methodical installation,Garcia and Sons,266.7
424,Electronics,Mandatory eco-centric paradigm,Smith-Burns,35.48
425,Toys,Total analyzing instruction set,Reyes-Brown,443.82
426,Furniture,Front-line uniform knowledgebase,"Mitchell, Fischer and Brown",276.77
427,Clothing,Proactive systemic flexibility,Thompson Group,393.9
428,Furniture,Enhanced 24/7 instruction set,"Park, Gross and Roberts",209.1
429,Electronics,Object-based asymmetric customer loyalty,Guerrero-Thomas,395.74
430,Clothing,Phased human-resource emulation,Hall Inc,173.73
431,Furniture,Triple-buffered 24/7 migration,Kent and Sons,113.73
432,Electronics,Pre-emptive full-range emulation,"Hall, Moore and Baker",241.69
433,Furniture,Diverse well-modulated application,Nelson Group,37.98
434,Toys,Expanded uniform adapter,Stewart-Thompson,100.27
435,Clothing,Visionary regional info-mediaries,Hopkins-Fuentes,194.69
436,Toys,Diverse impactful open system,Mitchell-Church,363.55
437,Books,Decentralized global solution,Singh-Lindsey,165.97
438,Books,Devolved discrete interface,"Choi, Mendoza and Garcia",327.61
439,Clothing,Intuitive regional knowledgebase,"Cohen, Rangel and Boyd",369.24
440,Books,Innovative non-volatile circuit,Khan-Walker,226.15
441,Electronics,Automated holistic initiative,Burnett Ltd,122.48
442,Furniture,Business-focused optimal protocol,Vega-Nguyen,438.81
443,Books,Re-engineered leadingedge superstructure,Rice-Martin,47.67
444,Furniture,Synchronized zero-defect policy,"Butler, Young and Young",190.98
445,Toys,Vision-oriented high-level archive,"Gross, Ponce and Cardenas",432.63
446,Books,Inverse multimedia challenge,Mccoy Group,443.77
447,Toys,Advanced zero-defect project,Flores Ltd,202.32
448,Toys,Multi-tiered bi-directional standardization,"Jenkins, Mitchell and Wells",88.39
449,Toys,Integrated user-facing product,Calderon-Harrell,26.14
450,Books,Grass-roots asymmetric focus group,Cross PLC,321.55
451,Electronics,Total static array,Miller Ltd,129.04
452,Toys,Progressive methodical migration,Dixon-Kramer,165.33
453,Electronics,Synergized multimedia artificial intelligence,"Phillips, Lee and Roth",245.62
454,Electronics,Synchronized leadingedge encryption,Jones LLC,194.25
455,Clothing,Vision-oriented mission-critical website,Williams-Martin,449.32
456,Furniture,Implemented upward-trending strategy,Le-Stevens,339.27
457,Furniture,Future-proofed mission-critical functionalities,"Walsh, Blair and Matthews",397.97
458,Books,Re-engineered radical open system,"Glover, Fields and Singh",114.49
459,Books,User-friendly actuating framework,"Chavez, Washington and Flores",496.82
460,Toys,Cloned tertiary core,"Lindsey, Walker and Lewis",319.17
461,Books,Organic explicit capability,"Brown, Little and Wright",248.96
462,Furniture,Persistent non-volatile strategy,"Meyer, Walsh and Hernandez",366.37
463,Toys,Organized system-worthy circuit,Riggs-Stanton,51.15
464,Books,Fundamental bandwidth-monitored intranet,Nguyen-Woods,389.42
465,Books,Open-source exuding core,Lester-Pitts,44.89
466,Clothing,Extended well-modulated extranet,"Buck, Garcia and Anderson",476.0
467,Furniture,Up-sized non-volatile benchmark,Jones LLC,283.29
468,Toys,Intuitive fresh-thinking system engine,Golden Group,331.95
469,Electronics,De-engineered mobile Graphic Interface,Williams-Guerra,190.74
470,Toys,Fully-configurable homogeneous conglomeration,Anderson PLC,390.98
471,Toys,Expanded methodical core,Moon-Jimenez,466.45
472,Toys,Profound discrete algorithm,"Snow, Johnson and Aguirre",153.7
473,Electronics,Seamless solution-oriented leverage,Wright-Price,486.99
474,Books,Programmable modular infrastructure,Walter-Fisher,410.04
475,Books,Intuitive 3rdgeneration open architecture,Johnson LLC,207.91
476,Electronics,Face-to-face reciprocal adapter,Becker-Chavez,79.4
477,Clothing,Phased optimizing superstructure,Taylor-Crosby,199.46
478,Furniture,Intuitive upward-trending definition,Hunter Ltd,133.07
479,Books,Fundamental high-level Graphical User Interface,"Moore, White and Delgado",282.52
480,Toys,Devolved even-keeled customer loyalty,Harris-Harris,159.24
481,Furniture,Public-key interactive product,"Paul, Williams and Davis",244.65
482,Clothing,Intuitive attitude-oriented workforce,Walker PLC,122.62
483,Furniture,Up-sized 24/7 model,Kelley-Jones,30.17
484,Clothing,Upgradable web-enabled instruction set,Mcmillan-Golden,5.93
485,Furniture,Open-source object-oriented initiative,"Price, Caldwell and Campbell",210.01
486,Electronics,Profit-focused transitional interface,"Pitts, Barber and Casey",349.33
487,Books,Multi-layered explicit system engine,Guerra PLC,101.79
488,Furniture,Adaptive eco-centric Internet solution,Ward Ltd,434.73
489,Furniture,Future-proofed executive support,Johnson LLC,408.99
490,Furniture,Total intangible artificial intelligence,"Pierce, Perez and Chapman",103.73
491,Furniture,Decentralized bi-directional moratorium,Doyle-Clark,296.88
492,Furniture,Multi-layered content-based archive,Powell LLC,392.14
493,Furniture,Persistent logistical parallelism,Roberson LLC,321.08
494,Books,Reactive tertiary throughput,Martinez-Vasquez,74.94
495,Toys,Centralized scalable intranet,Garcia-Anderson,284.26
496,Electronics,Multi-layered foreground paradigm,May Group,269.08
497,Furniture,Pre-emptive zero administration policy,Price-Hernandez,198.97
498,Toys,Versatile fresh-thinking initiative,Jensen Group,430.07
499,Electronics,Object-based eco-centric structure,"Reed, Harrell and Nicholson",185.9
500,Electronics,Persevering content-based info-mediaries,"George, Moon and Lambert",172.68
501,Furniture,Multi-lateral full-range implementation,Carroll-Goodwin,323.66
502,Furniture,Implemented asymmetric budgetary management,Nolan-Henderson,5.87
503,Toys,Organic local framework,Nelson LLC,221.27
504,Books,Proactive needs-based customer loyalty,Rhodes-Collins,339.48
505,Furniture,Extended 3rdgeneration product,Gomez Ltd,292.83
506,Clothing,Profound impactful groupware,"Young, Vargas and Mendez",236.81
507,Books,Implemented 4thgeneration Local Area Network,Clark-Cantu,410.82
508,Books,Optional 6thgeneration task-force,Johnson and Sons,61.39
509,Books,Mandatory exuding strategy,Payne-Robinson,187.5
510,Toys,Monitored global array,"Johnson, Anderson and Byrd",231.09
511,Electronics,Persistent client-driven implementation,Tucker-Brennan,293.62
512,Electronics,Enterprise-wide dedicated time-frame,"Hunter, Garcia and Walls",70.51
513,Toys,Stand-alone homogeneous budgetary management,Smith Group,100.94
514,Toys,Cross-group mobile workforce,Perry PLC,64.08
515,Toys,Cloned tertiary monitoring,"Pena, Hart and Ryan",172.77
516,Books,Face-to-face content-based model,"Henry, Lynn and Byrd",317.43
517,Furniture,Open-architected dynamic ability,Arellano-Phelps,451.02
518,Books,Seamless intermediate standardization,Rodriguez PLC,83.36
519,Clothing,Decentralized needs-based process improvement,Williams Ltd,210.38
520,Furniture,Right-sized needs-based encoding,Blevins-Martinez,453.54
521,Clothing,Adaptive incremental intranet,Ross Ltd,220.31
522,Furniture,Re-contextualized discrete intranet,Marshall LLC,184.54
523,Furniture,Reactive incremental groupware,Reynolds Ltd,339.07
524,Toys,Compatible logistical standardization,"Lopez, Martinez and Gonzalez",473.75
525,Furniture,Cloned full-range portal,"Anderson, Odonnell and Nelson",117.91
526,Toys,Open-source discrete knowledge user,Irwin-Sandoval,115.19
527,Clothing,Balanced mission-critical software,Alvarez Inc,251.29
528,Electronics,Business-focused holistic interface,"Henry, Williams and Farmer",377.11
529,Electronics,Front-line value-added moratorium,Santiago-Bell,233.82
530,Clothing,Organized multimedia Graphical User Interface,Callahan Group,278.77
531,Toys,Total methodical support,Hodges-Webb,372.16
532,Toys,Up-sized grid-enabled leverage,"Anderson, Perez and Powell",90.03
533,Electronics,Triple-buffered next generation moratorium,"Ware, Pittman and Long",96.59
534,Clothing,Extended actuating focus group,Newton Ltd,233.06
535,Electronics,Expanded actuating Local Area Network,Lee-Chavez,352.35
536,Toys,Ergonomic holistic access,Daniels-Lee,279.05
537,Toys,Team-oriented full-range contingency,"Rodriguez, Newton and Gonzalez",451.85
538,Furniture,Centralized 3rdgeneration architecture,"Lang, Christensen and Gibson",59.17
539,Books,Configurable explicit system engine,"Smith, Powell and Ruiz",491.67
540,Toys,Exclusive disintermediate architecture,Jordan Ltd,264.97
541,Clothing,Secured radical productivity,"Wright, Vasquez and Sullivan",267.15
542,Toys,Customizable directional instruction set,"Cabrera, Lopez and Short",291.62
543,Toys,Balanced real-time time-frame,"Phillips, Morales and Anderson",306.93
544,Electronics,Horizontal multi-tasking functionalities,"Bernard, Roberts and Martin",221.21
545,Furniture,Multi-tiered directional focus group,"Mccormick, Price and Cannon",437.29
546,Clothing,Switchable object-oriented groupware,"Wallace, Simmons and Schwartz",218.83
547,Books,Distributed web-enabled hub,Holt-Terry,345.16
548,Books,Monitored foreground protocol,"Green, Martinez and Li",120.26
549,Toys,Digitized logistical data-warehouse,Lane-Thomas,405.78
550,Toys,Cross-group responsive core,"Cummings, Gordon and Cole",252.63
551,Furniture,Face-to-face human-resource hierarchy,"Lee, Hernandez and Jones",42.69
552,Electronics,Seamless fault-tolerant frame,Ball-West,76.44
553,Electronics,Phased 4thgeneration groupware,Vargas-Bush,186.59
554,Toys,Integrated leadingedge success,Cunningham PLC,56.0
555,Furniture,Configurable tertiary matrices,"Mccoy, Trevino and Obrien",233.34
556,Clothing,Cloned content-based database,Sampson LLC,457.51
557,Books,De-engineered needs-based standardization,Hurley-Rodriguez,242.85
558,Electronics,Compatible next generation implementation,Jackson-James,147.42
559,Toys,Open-source well-modulated matrices,Morgan-Valencia,294.03
560,Toys,Assimilated demand-driven access,Kelley Group,313.87
561,Toys,Networked mission-critical flexibility,Levine Group,339.65
562,Furniture,Multi-channeled 6thgeneration approach,"Cruz, Atkinson and Zavala",139.79
563,Electronics,Vision-oriented transitional access,"Knapp, Bruce and Martin",161.18
564,Clothing,Innovative local superstructure,Tran Ltd,386.59
565,Toys,Fundamental reciprocal software,Christian Inc,190.75
566,Furniture,Public-key impactful ability,Garcia-Smith,290.67
567,Furniture,Adaptive asynchronous hub,"Jenkins, Cole and Scott",438.81
568,Books,Intuitive upward-trending pricing structure,"Myers, Powers and Baker",247.7
569,Toys,Realigned user-facing architecture,Weber Ltd,295.03
570,Toys,Extended composite open architecture,Schroeder and Sons,269.84
571,Toys,Team-oriented transitional structure,Gutierrez LLC,316.89
572,Toys,Persevering incremental functionalities,Anderson-Miller,62.26
573,Books,Diverse didactic model,Johnson-Olsen,277.57
574,Electronics,Customizable neutral groupware,Lang PLC,496.32
575,Clothing,Multi-layered bi-directional collaboration,Baker-Meyer,26.89
576,Furniture,Realigned foreground collaboration,Flores-Robinson,205.67
577,Toys,Synergized intermediate matrices,"Evans, Wilson and Wilson",441.94
578,Clothing,Innovative didactic solution,Bonilla and Sons,242.21
579,Furniture,Virtual bottom-line help-desk,Johnson Inc,194.39
580,Books,Distributed attitude-oriented database,Bennett-Baker,369.2
581,Toys,Cloned multimedia service-desk,Meyer-Robles,450.92
582,Toys,Reactive content-based functionalities,"James, Chambers and Garcia",225.16
583,Books,Synchronized tertiary complexity,Robbins Inc,156.35
584,Books,Realigned scalable leverage,Brown PLC,22.94
585,Clothing,Extended empowering firmware,Hawkins Group,210.04
586,Electronics,Polarized reciprocal functionalities,Ellis-Reese,9.98
587,Furniture,Down-sized mission-critical encoding,Nguyen PLC,310.18
588,Toys,Realigned executive infrastructure,Charles-Martin,444.1
589,Toys,Horizontal reciprocal functionalities,"Moore, Johnston and Burns",126.62
590,Electronics,Streamlined heuristic budgetary management,Yoder PLC,422.42
591,Clothing,Phased intangible customer loyalty,Holmes PLC,279.14
592,Furniture,Quality-focused asymmetric artificial intelligence,Webb-Williams,68.86
593,Electronics,Programmable regional system engine,Thompson LLC,446.05
594,Electronics,Secured zero tolerance data-warehouse,Mckenzie PLC,41.29
595,Clothing,Business-focused attitude-oriented orchestration,"Parker, Patterson and Sawyer",101.77
596,Furniture,Ergonomic client-driven ability,Powell-Kaiser,311.79
597,Furniture,Quality-focused encompassing productivity,Jones-Martinez,328.41
598,Electronics,Phased interactive monitoring,Anderson-Brown,448.12
599,Toys,Object-based transitional hub,"Drake, Reese and Powers",337.31
600,Toys,Inverse foreground matrix,King-Hall,75.37
601,Clothing,Switchable coherent ability,"Ward, Martin and Sanchez",454.15
602,Clothing,Centralized contextually-based concept,Webb-Davenport,476.28
603,Clothing,Synergistic modular product,King-Martin,291.76
604,Furniture,Virtual demand-driven middleware,"Graves, Dunn and Thomas",167.8
605,Furniture,Decentralized incremental protocol,"Gonzalez, Stewart and Bishop",481.52
606,Electronics,Synergistic impactful superstructure,Roberts-Morris,206.04
607,Furniture,Intuitive leadingedge superstructure,"Taylor, Cruz and Smith",468.33
608,Toys,Horizontal 4thgeneration strategy,"Sullivan, Greene and Ramirez",393.55
609,Toys,Team-oriented composite Graphic Interface,Johnson-Rangel,261.0
610,Clothing,Reduced explicit groupware,Miller-Mccoy,227.2
611,Toys,Front-line client-server Internet solution,Case LLC,464.97
612,Electronics,Mandatory uniform archive,Cannon Group,350.76
613,Furniture,Proactive explicit focus group,Diaz-Williams,493.67
614,Electronics,Profit-focused dynamic website,"Solomon, Lynch and Bright",181.05
615,Books,Profound systemic migration,Gross-Green,155.86
616,Clothing,Open-architected content-based forecast,Mcclure Group,56.61
617,Furniture,Upgradable encompassing initiative,Mclean-Day,489.42
618,Furniture,Programmable modular middleware,"Bird, Brown and Sherman",185.35
619,Clothing,Devolved 5thgeneration middleware,Petersen Group,406.6
620,Clothing,Universal client-driven installation,Mcbride-Osborne,465.79
621,Furniture,Adaptive heuristic encryption,Conrad and Sons,283.49
622,Books,Seamless intermediate middleware,"Martin, Hernandez and Delgado",298.33
623,Toys,Digitized leadingedge hardware,Levine-Orozco,51.7
624,Electronics,Networked value-added installation,Rush Inc,368.22
625,Clothing,Adaptive mobile methodology,Thompson Inc,366.24
626,Furniture,Self-enabling dynamic Graphic Interface,Rangel-Whitehead,401.46
627,Books,Managed coherent hub,"Johnson, Johnson and Garcia",132.93
628,Furniture,Synchronized regional frame,Pruitt-Rodriguez,332.61
629,Toys,Integrated heuristic matrices,Mendoza-Baker,253.75
630,Electronics,Stand-alone client-driven concept,Nelson Group,186.24
631,Electronics,Operative systematic circuit,"Hernandez, Rivas and Nelson",299.92
632,Clothing,Upgradable scalable standardization,Richardson-Potter,225.62
633,Clothing,Proactive web-enabled adapter,"Williamson, Avila and Alvarez",333.72
634,Toys,Universal optimal instruction set,"Stevens, Hardy and Hall",423.08
635,Electronics,Vision-oriented high-level hub,Bryant-Mcpherson,71.81
636,Toys,Adaptive human-resource Graphical User Interface,Williams-Montes,256.56
637,Toys,Ameliorated responsive hierarchy,"Mcclain, Kent and Thompson",208.41
638,Books,Function-based asymmetric open system,"Juarez, Stewart and Ross",231.01
639,Books,Seamless 3rdgeneration frame,"Bell, Carroll and Perez",59.49
640,Toys,Triple-buffered transitional solution,Martinez LLC,171.63
641,Books,Total even-keeled challenge,"Mercado, Davis and Barnes",62.3
642,Books,Decentralized actuating orchestration,Carlson Group,375.63
643,Furniture,Grass-roots zero tolerance leverage,"Johnson, Johnson and Herrera",56.51
644,Books,Optional bottom-line interface,Henderson LLC,478.13
645,Electronics,Programmable high-level capacity,"Reed, Davidson and Randall",250.3
646,Clothing,Organized needs-based contingency,Guerrero PLC,115.21
647,Electronics,Balanced executive Graphic Interface,Peterson Ltd,78.3
648,Toys,User-friendly multi-tasking ability,Alexander-Reed,459.72
649,Furniture,Integrated holistic emulation,Randall PLC,308.26
650,Clothing,Focused local encoding,Ball-Rodriguez,48.73
651,Clothing,Managed intermediate firmware,Grimes Inc,61.6
652,Clothing,Innovative analyzing flexibility,Barajas-Levine,350.49
653,Clothing,Right-sized cohesive implementation,Kent Ltd,491.06
654,Furniture,Decentralized fault-tolerant ability,"Woodward, Brown and Davis",437.54
655,Books,Grass-roots actuating circuit,"Garcia, Crosby and Mcintosh",112.61
656,Furniture,Operative bi-directional time-frame,"Williams, Hansen and Knox",378.94
657,Toys,Vision-oriented solution-oriented array,Gibbs Ltd,493.63
658,Toys,Open-source executive synergy,Calhoun Group,236.08
659,Furniture,Upgradable clear-thinking concept,Marshall-Bowman,155.48
660,Electronics,Profound client-server hierarchy,Fields Group,431.49
661,Clothing,Realigned empowering interface,Martin and Sons,499.11
662,Books,Grass-roots 3rdgeneration synergy,Williams-Gould,470.46
663,Books,Profit-focused fault-tolerant productivity,King Ltd,324.62
664,Toys,Secured value-added infrastructure,Aguirre Inc,358.58
665,Toys,Down-sized secondary Graphical User Interface,"Jones, Garrett and Roman",391.53
666,Books,Fundamental tangible portal,Archer-Moore,74.5
667,Clothing,Public-key systematic utilization,Wall-Lindsey,36.06
668,Electronics,Profit-focused stable budgetary management,Gallagher-Macias,457.92
669,Books,Ameliorated cohesive strategy,Salinas-Webb,440.5
670,Clothing,Right-sized analyzing implementation,Martinez PLC,256.49
671,Books,Cloned tangible policy,Lamb-Moreno,332.34
672,Electronics,User-centric multi-state budgetary management,"Ortiz, Schmidt and Oneill",141.19
673,Toys,Versatile heuristic circuit,"Anderson, Blake and Fuentes",319.92
674,Books,Future-proofed optimizing policy,Hines-Gomez,313.21
675,Books,Optional zero tolerance projection,Wilcox Ltd,204.06
676,Furniture,Customer-focused mobile system engine,Montgomery-Morris,326.76
677,Toys,Realigned transitional intranet,Ferrell-Lopez,272.46
678,Clothing,Extended 5thgeneration matrix,Miller-Hanson,126.25
679,Toys,Switchable 24hour orchestration,"Green, Gould and Garza",241.26
680,Books,User-centric upward-trending Local Area Network,"Hobbs, Parks and Walker",477.97
681,Books,Re-contextualized global Graphic Interface,Pierce PLC,250.15
682,Furniture,Advanced 3rdgeneration workforce,Savage PLC,217.34
683,Electronics,Multi-lateral human-resource matrices,Lopez Ltd,397.34
684,Furniture,Multi-lateral demand-driven instruction set,Thompson Group,379.62
685,Electronics,Business-focused static parallelism,"Obrien, Williams and Taylor",214.0
686,Toys,Cross-group uniform concept,"Jones, Boone and Buchanan",330.81
687,Furniture,Future-proofed homogeneous info-mediaries,Wood-Lucas,60.43
688,Toys,De-engineered fresh-thinking model,"Williams, Garza and White",366.89
689,Books,Cross-platform non-volatile support,Black-Fisher,398.5
690,Electronics,Versatile motivating benchmark,Williams Group,209.29
691,Books,Persistent eco-centric initiative,Collins-Rodriguez,196.78
692,Electronics,Secured fresh-thinking frame,Gordon-King,376.12
693,Books,Synergized dynamic leverage,"Brown, Carter and Myers",245.25
694,Toys,Universal homogeneous Internet solution,"Shannon, Manning and Martinez",165.59
695,Books,Stand-alone static data-warehouse,"Cooper, Murphy and Singleton",344.25
696,Clothing,Universal mobile approach,Tapia-Hamilton,200.07
697,Toys,Automated zero administration concept,Davis Ltd,210.08
698,Toys,Decentralized non-volatile capability,Davis-Johnson,85.36
699,Furniture,Synergistic intangible product,"Harris, Jackson and Davila",346.01
700,Electronics,Organized foreground focus group,"Solomon, Williams and Gonzales",433.46
701,Furniture,Cloned 4thgeneration support,Walker-Edwards,385.76
702,Clothing,Right-sized interactive analyzer,Mcdonald PLC,252.72
703,Electronics,Right-sized empowering policy,Bennett Ltd,75.82
704,Books,Persevering fresh-thinking structure,Rodriguez-Burns,244.26
705,Furniture,Horizontal dynamic hardware,Montoya-Mitchell,286.71
706,Electronics,Exclusive regional concept,Roberts PLC,246.42
707,Furniture,Profound grid-enabled initiative,Jones-Marshall,219.05
708,Furniture,Profound web-enabled model,Macias Inc,215.08
709,Clothing,Robust scalable hardware,"Alexander, Wiley and Morrison",238.15
710,Furniture,Face-to-face value-added contingency,"Norman, Chung and Roy",341.62
711,Books,Mandatory actuating software,"Mcbride, Perez and Nash",178.64
712,Clothing,Public-key stable functionalities,Prince Ltd,414.66
713,Toys,Ameliorated dedicated product,"Ramos, Jacobs and West",429.1
714,Books,Decentralized radical forecast,Herrera-Ramos,123.9
715,Furniture,Expanded systematic Graphic Interface,Hernandez LLC,140.57
716,Books,Robust impactful flexibility,"Walker, Franklin and Hansen",10.0
717,Furniture,Synergistic optimizing implementation,Edwards-Harris,12.9
718,Books,Business-focused hybrid help-desk,Martinez-Klein,465.86
719,Electronics,Team-oriented foreground function,Rivers-Davis,293.94
720,Electronics,Expanded 24/7 interface,Allen-Jones,144.6
721,Toys,User-centric directional installation,"Mendoza, Yates and Davis",404.65
722,Books,Intuitive discrete architecture,"Cooper, Meadows and Thompson",25.12
723,Clothing,Cross-group needs-based moderator,Thompson-Petersen,243.18
724,Electronics,Advanced systemic solution,Carter PLC,467.1
725,Books,Ameliorated tangible parallelism,Whitaker Group,391.53
726,Books,Managed fresh-thinking middleware,Mack Group,459.16
727,Furniture,Versatile secondary encoding,Bailey-Massey,12.28
728,Clothing,Reactive bi-directional open architecture,Fisher LLC,423.46
729,Electronics,Right-sized radical application,"Carter, Miller and Johnson",172.15
730,Clothing,Re-engineered uniform portal,Goodwin PLC,46.28
731,Toys,Synchronized directional paradigm,"Jackson, Roberson and Montoya",120.62
732,Electronics,Inverse context-sensitive moderator,Mitchell PLC,250.22
733,Books,Cloned maximized pricing structure,Kim and Sons,139.23
734,Toys,Multi-layered next generation moderator,"Johnson, Faulkner and Hood",288.51
735,Books,Centralized responsive hierarchy,Logan-Morris,143.26
736,Toys,Cross-group modular artificial intelligence,"Michael, Yang and Smith",458.02
737,Clothing,Focused heuristic model,"Taylor, Flores and Barnes",497.07
738,Furniture,Triple-buffered asymmetric open architecture,Williams Inc,147.4
739,Electronics,User-centric leadingedge array,"Gonzalez, Roberson and Dean",319.51
740,Books,Programmable next generation complexity,Gonzalez Ltd,29.89
741,Clothing,Reverse-engineered 4thgeneration algorithm,Sanchez PLC,41.85
742,Furniture,Vision-oriented real-time data-warehouse,Morton-Day,411.59
743,Clothing,Open-architected upward-trending task-force,Sparks-Thompson,45.28
744,Clothing,Seamless multimedia standardization,Lee-Boyle,497.72
745,Electronics,Public-key grid-enabled architecture,"Fischer, Fernandez and Kirk",60.01
746,Electronics,Horizontal coherent definition,Garcia Inc,310.14
747,Clothing,Exclusive national project,Hall Inc,225.06
748,Electronics,Seamless encompassing budgetary management,"Harris, Lawson and Peters",33.54
749,Electronics,Vision-oriented well-modulated throughput,Morris Inc,162.4
750,Electronics,Multi-layered transitional open architecture,Fowler LLC,428.21
751,Books,Operative grid-enabled strategy,Osborne Inc,102.32
752,Electronics,Self-enabling heuristic groupware,"Anderson, Barnes and Hansen",267.19
753,Electronics,Synchronized grid-enabled throughput,Rodriguez-White,170.43
754,Clothing,Multi-tiered 4thgeneration extranet,"Phillips, Moran and Ferguson",46.26
755,Clothing,Organized attitude-oriented utilization,Scott Ltd,374.51
756,Furniture,Intuitive 4thgeneration budgetary management,Adkins-Rollins,112.1
757,Books,Assimilated disintermediate definition,Miller Ltd,411.9
758,Clothing,Synergized multimedia system engine,Perkins-Hogan,468.36
759,Furniture,Triple-buffered 3rdgeneration framework,"Carroll, Leonard and Boyd",219.7
760,Clothing,Versatile solution-oriented strategy,"Robles, Rogers and Wallace",436.77
761,Clothing,Progressive uniform support,"Moore, Roy and Figueroa",487.26
762,Books,Synergized methodical productivity,"Curry, Tate and Henry",340.84
763,Books,Vision-oriented multimedia circuit,"Rasmussen, Fisher and Taylor",433.04
764,Electronics,Ergonomic well-modulated structure,Wright Ltd,172.24
765,Electronics,Sharable methodical Graphic Interface,"Roberts, Jimenez and Wallace",441.82
766,Toys,Quality-focused impactful framework,Newman-Anderson,194.66
767,Furniture,Customer-focused static data-warehouse,Henderson-Zavala,399.74
768,Books,Self-enabling even-keeled structure,"Contreras, Smith and Diaz",61.36
769,Clothing,Networked web-enabled frame,"Massey, Fernandez and Sullivan",426.88
770,Clothing,Fundamental systematic conglomeration,Johnson Group,377.2
771,Books,Multi-layered stable utilization,Thomas PLC,131.45
772,Clothing,Pre-emptive impactful complexity,Mckee-Adams,455.61
773,Electronics,Enhanced logistical definition,Lopez-Gonzales,305.0
774,Toys,Distributed fault-tolerant firmware,"Pham, Rogers and Thomas",264.21
775,Electronics,Managed full-range service-desk,Lucas Ltd,431.21
776,Toys,Assimilated systemic matrix,Moran and Sons,255.84
777,Electronics,Multi-layered even-keeled attitude,Thomas Group,233.3
778,Furniture,Persevering didactic approach,Marsh-Acosta,480.97
779,Furniture,Realigned mission-critical access,Campbell-Key,390.48
780,Books,Future-proofed interactive hierarchy,"Flores, Moyer and Williams",134.09
781,Furniture,Proactive impactful array,Burns PLC,350.79
782,Clothing,Digitized holistic forecast,King and Sons,69.87
783,Clothing,Enhanced bottom-line hierarchy,"Clark, Archer and Thomas",280.22
784,Furniture,Multi-tiered tangible policy,Pham PLC,188.02
785,Toys,Profound high-level ability,Griffith-Gordon,279.3
786,Furniture,Polarized didactic extranet,Rogers-Small,295.21
787,Furniture,Ergonomic full-range middleware,"Wise, Mitchell and Jordan",171.32
788,Toys,Assimilated non-volatile application,Smith Inc,431.69
789,Clothing,Persevering scalable focus group,"Palmer, Gonzalez and Moore",168.9
790,Electronics,Adaptive scalable knowledgebase,Knox LLC,230.55
791,Furniture,Quality-focused zero administration core,Santos PLC,102.04
792,Clothing,Reverse-engineered even-keeled encryption,"Mccoy, Choi and Bennett",166.24
793,Electronics,Virtual well-modulated emulation,Casey Ltd,279.7
794,Clothing,Ameliorated contextually-based structure,Barnes-Sullivan,344.75
795,Clothing,Synchronized 24hour focus group,Silva-Sanchez,97.46
796,Books,Programmable disintermediate paradigm,Hahn-Molina,462.67
797,Clothing,Multi-layered multimedia hub,Nguyen Inc,173.94
798,Toys,Sharable explicit benchmark,Hoffman LLC,97.37
799,Clothing,Cross-platform maximized hub,Pierce Ltd,101.68
800,Furniture,Fully-configurable regional neural-net,"Li, Gibson and Cohen",311.52
801,Electronics,Optimized homogeneous neural-net,Hooper Group,294.23
802,Electronics,Advanced 24/7 complexity,Middleton-Wright,145.9
803,Electronics,Re-engineered even-keeled structure,"Harris, Fuller and Baldwin",497.56
804,Toys,Reverse-engineered exuding functionalities,Alexander PLC,142.96
805,Furniture,Profound system-worthy data-warehouse,"Morales, Garcia and Wheeler",61.49
806,Toys,Visionary human-resource process improvement,"Johnson, Dawson and Ho",183.12
807,Clothing,Robust bifurcated circuit,"Young, Jones and Floyd",207.02
808,Clothing,Switchable static structure,"Smith, Ramirez and Anderson",264.09
809,Furniture,Multi-lateral methodical flexibility,Flynn-Mcmillan,385.4
810,Books,Synergized client-server definition,Dunlap LLC,438.05
811,Books,Phased background hardware,Smith LLC,138.83
812,Electronics,Managed systemic concept,Hart-Lyons,403.87
813,Books,Monitored cohesive core,Potter-Williams,141.56
814,Furniture,Programmable system-worthy instruction set,Gillespie PLC,213.35
815,Electronics,Cloned methodical protocol,"Jones, Fuller and Barnett",76.05
816,Clothing,Enhanced upward-trending groupware,"Thomas, Lee and Wood",339.97
817,Clothing,Secured 24/7 complexity,"Brooks, Yates and Johnson",86.77
818,Clothing,Synchronized logistical software,Mitchell PLC,207.59
819,Toys,Persevering fault-tolerant infrastructure,"Robertson, Knapp and Dawson",196.19
820,Furniture,Enhanced modular attitude,"Reed, Wood and Baker",228.74
821,Furniture,Exclusive cohesive open architecture,Tucker-Dalton,7.45
822,Electronics,Centralized systemic standardization,"Moran, Dougherty and Spencer",271.63
823,Furniture,Face-to-face multi-tasking policy,"Oliver, Bradshaw and Dean",356.84
824,Books,Front-line system-worthy project,Davila-Donovan,440.71
825,Toys,Assimilated didactic flexibility,Lopez Inc,49.23
826,Books,Persevering asymmetric neural-net,Carlson-Phillips,127.79
827,Electronics,Optional user-facing workforce,Browning-Phillips,167.4
828,Electronics,Self-enabling maximized circuit,"Jones, Gonzalez and Cook",203.11
829,Electronics,Balanced asynchronous budgetary management,Ford Ltd,190.73
830,Clothing,Visionary optimizing focus group,"Young, Reyes and Moore",242.19
831,Clothing,Total high-level framework,"Davis, Williams and Thompson",161.2
832,Electronics,Reactive zero administration implementation,Miller Ltd,150.71
833,Toys,Upgradable dedicated frame,"Thomas, Huffman and Berry",191.23
834,Toys,Public-key interactive ability,"Patterson, Shaw and Clark",267.87
835,Toys,User-friendly didactic adapter,White Inc,367.44
836,Furniture,Open-architected hybrid application,Campbell LLC,48.72
837,Books,Persistent contextually-based leverage,Farmer-Diaz,219.69
838,Electronics,Automated tertiary migration,Dixon Inc,230.23
839,Clothing,Enterprise-wide motivating focus group,Wright-Singh,424.51
840,Books,Down-sized content-based array,Collins LLC,409.19
841,Electronics,Decentralized mission-critical framework,Knapp-Church,94.26
842,Clothing,Fully-configurable executive definition,Roberts-Ware,85.03
843,Toys,Secured zero administration flexibility,Bender-Smith,141.44
844,Clothing,Stand-alone attitude-oriented architecture,Wise PLC,372.64
845,Electronics,Fundamental mission-critical alliance,Taylor LLC,68.0
846,Electronics,Persevering disintermediate data-warehouse,"Anderson, Dorsey and Kelly",441.43
847,Toys,Open-architected clear-thinking definition,Little Group,346.06
848,Toys,Advanced object-oriented migration,Kelly and Sons,25.72
849,Furniture,Realigned multimedia conglomeration,"Miller, Robbins and Ortiz",289.24
850,Furniture,Multi-lateral zero-defect utilization,Jordan LLC,329.83
851,Electronics,Operative content-based paradigm,Rodriguez-Cohen,14.59
852,Toys,Optional intangible frame,Wilkinson Ltd,7.91
853,Clothing,Right-sized zero-defect system engine,"Mueller, Lyons and Randall",305.65
854,Books,Mandatory solution-oriented productivity,"Armstrong, Harris and Moss",95.27
855,Furniture,Cloned regional emulation,Brewer-Roman,288.73
856,Toys,Synergistic holistic support,"Watson, Hayes and Wallace",189.77
857,Furniture,Fundamental fresh-thinking capability,"Knight, Valenzuela and Jones",257.84
858,Books,Universal background project,"Pineda, Boyd and Baxter",386.7
859,Clothing,Ergonomic 3rdgeneration interface,Wilkerson Group,460.98
860,Furniture,Public-key background frame,"Wiggins, Allen and Franco",111.25
861,Books,Implemented eco-centric alliance,Weaver Ltd,61.36
862,Electronics,Cross-platform 6thgeneration portal,"Gutierrez, Roberts and Patel",116.08
863,Electronics,Distributed optimal hierarchy,Perry-Franklin,199.33
864,Toys,Down-sized intermediate model,Whitaker-Ramos,269.83
865,Clothing,Networked stable secured line,"Melendez, Fuller and West",345.45
866,Electronics,Right-sized leadingedge strategy,Bautista Inc,91.68
867,Furniture,Integrated client-driven initiative,Matthews-Lopez,488.49
868,Toys,Grass-roots coherent database,Barron-Nguyen,134.07
869,Clothing,Open-architected holistic architecture,"Drake, House and Nelson",194.26
870,Furniture,Upgradable upward-trending neural-net,Allen-Parks,478.4
871,Toys,Enhanced full-range secured line,Aguirre-Mcdaniel,227.37
872,Books,Enterprise-wide value-added core,Gutierrez-Nichols,354.58
873,Toys,Business-focused regional approach,Cook-Villarreal,70.21
874,Furniture,Total optimal concept,Phillips-Taylor,281.38
875,Books,Realigned discrete product,Black and Sons,426.72
876,Furniture,Profit-focused empowering instruction set,"Williams, Lyons and Conrad",413.48
877,Books,Fundamental bi-directional methodology,"Gutierrez, Blake and Adams",91.92
878,Books,Profit-focused homogeneous extranet,"Burns, Kramer and Strong",486.75
879,Toys,Assimilated encompassing synergy,Adkins-Herrera,27.71
880,Books,Secured tangible success,Mitchell-Chandler,60.67
881,Clothing,Mandatory methodical intranet,"Faulkner, Caldwell and Larsen",421.89
882,Toys,Centralized methodical project,"Williams, Gibson and Morgan",303.06
883,Books,Cloned maximized software,Moore-Smith,279.52
884,Electronics,Decentralized cohesive adapter,Rogers-Cordova,379.54
885,Toys,Business-focused leadingedge Graphic Interface,"Sandoval, Aguilar and Day",212.82
886,Clothing,Cloned intermediate Internet solution,Mason and Sons,401.82
887,Furniture,De-engineered human-resource paradigm,Caldwell-Williams,96.37
888,Books,Re-contextualized optimizing policy,Stevens Inc,390.85
889,Books,Cloned composite infrastructure,Gonzalez-Turner,191.44
890,Toys,Public-key contextually-based product,"Cook, Calderon and Robinson",137.4
891,Clothing,Focused 24hour software,"Johnson, Gonzalez and Mcdaniel",81.54
892,Clothing,Secured mobile frame,Hunter and Sons,95.49
893,Electronics,Compatible asymmetric moratorium,Miller-Singh,237.29
894,Electronics,Grass-roots multi-tasking model,Wiggins LLC,374.08
895,Electronics,Exclusive methodical help-desk,Fernandez and Sons,473.72
896,Electronics,Face-to-face systematic approach,"Gray, Hernandez and Nguyen",490.31
897,Electronics,Public-key contextually-based function,Davis PLC,354.33
898,Toys,Optimized well-modulated attitude,"Mclean, Taylor and Williamson",165.84
899,Furniture,De-engineered fresh-thinking time-frame,Norman-Gallegos,181.24
900,Books,Future-proofed executive forecast,Powell-Ramirez,490.88
901,Books,Business-focused needs-based hardware,Barnes Ltd,26.34
902,Toys,Ergonomic tertiary extranet,Brady Group,13.09
903,Electronics,Triple-buffered 24/7 service-desk,"Adams, Bell and Campbell",44.39
904,Clothing,De-engineered discrete monitoring,"Wilson, Bradshaw and Williams",264.47
905,Clothing,Grass-roots intangible projection,Vincent-Richardson,107.82
906,Furniture,Secured uniform moderator,Clark LLC,389.39
907,Electronics,Synergized stable orchestration,"Ferguson, Crane and Davis",53.22
908,Books,Operative logistical strategy,Knight Inc,103.83
909,Toys,Optional foreground hardware,King Inc,161.66
910,Toys,Streamlined uniform hardware,"Schwartz, Palmer and Thompson",199.66
911,Clothing,Enhanced dedicated function,Day-Horton,104.42
912,Books,Advanced exuding capacity,Ayala-Vargas,77.99
913,Clothing,Virtual responsive hierarchy,Miller Inc,368.92
914,Books,Integrated logistical complexity,Medina Ltd,18.01
915,Furniture,Business-focused bandwidth-monitored policy,"Roberson, Allen and Underwood",220.35
916,Furniture,Synergistic real-time array,Ray-Monroe,274.18
917,Toys,Programmable full-range artificial intelligence,"Jacobson, Jenkins and Palmer",291.91
918,Books,Decentralized uniform flexibility,"Walker, Reed and Mccoy",192.32
919,Toys,Enhanced static initiative,"Hall, Martin and Ramirez",432.91
920,Books,Re-engineered attitude-oriented frame,Wade-Parker,116.62
921,Furniture,Streamlined well-modulated installation,"Lopez, Taylor and Clark",33.94
922,Electronics,Focused 24hour secured line,Pineda LLC,315.4
923,Furniture,Decentralized user-facing firmware,Smith-Miles,336.87
924,Toys,Innovative 5thgeneration instruction set,Brown and Sons,182.03
925,Furniture,Reactive regional algorithm,Ward Inc,398.25
926,Electronics,Organized 24hour matrices,"Parker, Rodriguez and Fisher",405.73
927,Books,Horizontal mission-critical matrices,Montoya and Sons,321.74
928,Furniture,Polarized bifurcated collaboration,Lee-Meadows,351.95
929,Clothing,Organic leadingedge challenge,Brown-Howard,316.4
930,Clothing,Persevering logistical forecast,Yates-Hodge,288.41
931,Clothing,Visionary full-range website,"Simmons, Reilly and Daugherty",263.55
932,Books,Synchronized even-keeled task-force,"Thomas, Thompson and Sawyer",229.15
933,Electronics,Profit-focused tertiary collaboration,Lee-Rivera,356.51
934,Toys,Right-sized object-oriented functionalities,"Mccormick, Weber and Thompson",54.19
935,Furniture,Centralized explicit toolset,Thomas Group,170.66
936,Toys,Right-sized next generation portal,Ward-Ray,335.28
937,Books,Inverse holistic strategy,Smith-Richardson,48.86
938,Toys,User-centric asymmetric capability,"Compton, Pham and Brandt",247.81
939,Furniture,Intuitive foreground project,Anderson-Higgins,362.98
940,Books,Centralized national interface,Johnson-Garcia,345.46
941,Furniture,Secured user-facing budgetary management,Greene-Daniels,486.01
942,Toys,Profit-focused responsive Graphical User Interface,"Miller, Hill and Wilson",96.47
943,Books,Virtual 6thgeneration array,Davies LLC,438.84
944,Toys,Optional discrete Graphical User Interface,Hawkins-Smith,104.95
945,Clothing,Self-enabling incremental infrastructure,Wilson Inc,115.13
946,Electronics,Grass-roots stable challenge,"Moore, Rodriguez and Pollard",308.98
947,Books,Virtual zero administration collaboration,"Colon, Robbins and Perez",14.08
948,Furniture,Enterprise-wide zero tolerance leverage,Morris Inc,461.44
949,Books,Seamless uniform utilization,Miller Group,128.36
950,Books,Progressive solution-oriented middleware,Jones and Sons,289.13
951,Books,Balanced 6thgeneration encryption,"Olson, Myers and Heath",327.74
952,Furniture,Self-enabling actuating orchestration,Simmons Ltd,270.75
953,Furniture,Devolved hybrid artificial intelligence,"Alexander, Austin and Coleman",90.48
954,Clothing,Front-line multimedia Local Area Network,Hill-Hoover,54.68
955,Furniture,Assimilated composite adapter,"Williamson, Mcneil and Fitzgerald",20.3
956,Books,Implemented incremental complexity,Jackson PLC,243.47
957,Furniture,Devolved motivating data-warehouse,Cox-Velasquez,465.39
958,Books,Expanded intangible customer loyalty,Wright-Serrano,66.86
959,Electronics,Object-based 6thgeneration instruction set,"Davis, Thomas and Stanton",452.19
960,Books,Quality-focused national emulation,"Ortiz, Olson and Williams",138.81
961,Furniture,Re-engineered bandwidth-monitored pricing structure,"Wagner, Gibbs and George",192.87
962,Toys,Optional object-oriented Local Area Network,Anderson PLC,218.58
963,Electronics,Decentralized neutral migration,Olson-Harrison,179.53
964,Furniture,Reactive human-resource attitude,Guerrero Ltd,388.54
965,Toys,Adaptive encompassing application,Johnson Group,244.89
966,Clothing,Public-key national analyzer,"Frey, Lee and Adams",38.14
967,Books,Phased encompassing toolset,Stanley Group,498.08
968,Electronics,Up-sized upward-trending toolset,Roberts Inc,195.73
969,Clothing,Mandatory non-volatile matrix,"Gonzalez, Silva and Goodman",309.48
970,Electronics,Open-source responsive middleware,Moon LLC,239.88
971,Furniture,Decentralized needs-based Graphical User Interface,"Davis, Ford and Bernard",172.33
972,Books,Adaptive bottom-line database,"Farmer, Garcia and Pham",16.42
973,Clothing,Inverse exuding conglomeration,Paul and Sons,491.08
974,Toys,Organized web-enabled open architecture,Allen-Hodges,9.86
975,Furniture,Integrated real-time matrices,"Vasquez, Robinson and Maxwell",445.04
976,Books,Down-sized composite structure,Anderson-Burgess,31.37
977,Toys,Fully-configurable actuating utilization,"Norris, Mosley and Cummings",239.26
978,Books,Streamlined executive circuit,"Campbell, Brady and Merritt",346.79
979,Electronics,Sharable asynchronous open system,Patton-Evans,298.36
980,Books,Grass-roots system-worthy Graphic Interface,Houston-Smith,453.58
981,Books,Innovative zero administration service-desk,Duncan-Moore,473.08
982,Clothing,Assimilated incremental concept,"Beck, Rivas and Patterson",66.92
983,Furniture,Enterprise-wide optimal installation,Massey-Cantu,81.63
984,Books,Optional secondary protocol,"Brown, Lopez and Irwin",197.96
985,Furniture,Fully-configurable methodical function,Lawrence Ltd,496.32
986,Books,Expanded well-modulated analyzer,Gonzalez-Miller,336.31
987,Books,Down-sized well-modulated open architecture,Benitez Ltd,77.25
988,Toys,Phased attitude-oriented hardware,Bartlett PLC,457.3
989,Clothing,Advanced actuating attitude,"Delgado, Cooper and Woodard",352.43
990,Toys,Progressive zero tolerance encoding,"Andersen, Thompson and Hunter",440.02
991,Furniture,Assimilated tangible extranet,"Nelson, Gibbs and Phelps",209.2
992,Electronics,Configurable full-range system engine,Howard-Pineda,137.13
993,Clothing,Automated analyzing Local Area Network,"Russo, Hayes and Morgan",451.2
994,Clothing,Grass-roots national installation,"Holt, Burton and Brown",445.99
995,Books,Right-sized even-keeled access,Peterson Inc,101.82
996,Furniture,Ergonomic fault-tolerant definition,Graham and Sons,39.92
997,Books,Phased empowering hierarchy,"Powell, Ortiz and Rivas",185.95
998,Furniture,Pre-emptive needs-based leverage,"Hanson, Deleon and Soto",254.3
999,Clothing,Networked incremental encoding,Beck PLC,395.09
1000,Books,Configurable zero administration frame,Anderson Group,292.54
